accuracy,precision,recall,f1_score,auc
0.9857142857142858,0.9877750611246944,0.9975308641975309,0.9926289926289926,0.9868312757201647
